﻿idEmpregado;idTerritorioVenda;primeiroNome;nomeMeio;ultimoNome;dataContratacao;dataNascimento;email;telefone;estadoCivil;sexo;departamento
1;11;Guy;Gilbert;R;2006-01-28;1981-11-12;guy1@adventure-works.com;320-555-0195;M;M;Production
2;11;Kevin;Brown;F;2006-08-26;1986-12-01;kevin0@adventure-works.com;150-555-0189;S;M;Marketing
3;11;Roberto;Tamburello;NULL;2007-06-11;1974-06-12;roberto0@adventure-works.com;212-555-0187;M;M;Engineering
4;11;Rob;Walters;NULL;2007-07-05;1974-07-23;rob0@adventure-works.com;612-555-0100;S;M;Tool Design
5;11;Rob;Walters;NULL;2007-07-05;1974-07-23;rob0@adventure-works.com;612-555-0100;S;M;Tool Design
6;11;Thierry;D'Hers;B;2007-07-11;1959-02-26;thierry0@adventure-works.com;168-555-0183;M;M;Tool Design
7;11;David;Bradley;M;2007-07-20;1974-10-17;david0@adventure-works.com;913-555-0172;S;M;Marketing
8;11;David;Bradley;M;2007-07-20;1974-10-17;david0@adventure-works.com;913-555-0172;S;M;Marketing
9;11;JoLynn;Dobney;M;2007-07-26;1955-08-16;jolynn0@adventure-works.com;903-555-0145;S;F;Production
10;11;Ruth;Ellerbrock;Ann;2007-08-06;1956-01-03;ruth0@adventure-works.com;145-555-0130;M;F;Production
11;11;Gail;Erickson;A;2007-08-06;1952-04-27;gail0@adventure-works.com;849-555-0139;M;F;Engineering
12;11;Barry;Johnson;K;2007-08-07;1955-10-25;barry0@adventure-works.com;206-555-0180;S;M;Production
13;11;Jossef;Goldberg;H;2007-08-24;1958-10-09;jossef0@adventure-works.com;122-555-0189;M;M;Engineering
14;11;Terri;Duffy;Lee;2007-08-31;1971-03-01;terri0@adventure-works.com;819-555-0175;S;F;Engineering
15;11;Sidney;Higa;M;2007-09-02;1956-03-30;sidney0@adventure-works.com;424-555-0189;M;M;Production
16;11;Taylor;Maxwell;R;2007-09-08;1955-10-31;taylor0@adventure-works.com;508-555-0165;M;M;Production
17;11;Jeffrey;Ford;L;2007-09-20;1956-02-09;jeffrey0@adventure-works.com;984-555-0185;S;M;Production
18;11;Jo;Brown;A;2007-09-27;1956-05-08;jo0@adventure-works.com;632-555-0129;S;F;Production
19;11;Doris;Hartwig;M;2007-10-09;1955-11-03;doris0@adventure-works.com;328-555-0150;M;F;Production
20;11;John;Campbell;T;2007-10-16;1956-03-07;john0@adventure-works.com;435-555-0113;M;M;Production
21;11;Diane;Glimp;R;2007-10-27;1955-10-28;diane0@adventure-works.com;202-555-0151;M;F;Production
22;11;Steven;Selikoff;T;2008-07-01;1976-12-12;steven0@adventure-works.com;925-555-0114;M;M;Production
23;11;Peter;Krebs;J;2008-07-01;1982-06-03;peter0@adventure-works.com;913-555-0196;M;M;Production Control
24;11;Stuart;Munson;V;2008-07-02;1962-04-13;stuart0@adventure-works.com;413-555-0136;S;M;Production
25;11;Greg;Alderson;F;2008-07-02;1975-11-15;greg0@adventure-works.com;332-555-0150;S;M;Production
26;11;David;Johnson;N;2008-07-02;1979-06-02;david1@adventure-works.com;166-555-0162;S;M;Production
27;11;Zheng;Mu;W;2008-07-03;1983-05-26;zheng0@adventure-works.com;113-555-0173;S;M;Production
28;11;Ivo;Salmre;William;2008-07-04;1981-08-03;ivo0@adventure-works.com;115-555-0179;M;M;Production
29;11;Paul;Komosinski;B;2008-07-04;1980-06-13;paul0@adventure-works.com;147-555-0160;S;M;Production
30;11;Ashvini;Sharma;R;2008-07-04;1976-10-25;ashvini0@adventure-works.com;656-555-0119;S;M;Information Services
31;11;Kendall;Keil;C;2008-07-05;1985-12-28;kendall0@adventure-works.com;138-555-0128;M;M;Production
32;11;Paula;Barreto de Mattos;M;2008-07-06;1975-09-11;paula0@adventure-works.com;523-555-0175;M;F;Human Resources
33;11;Alejandro;McGuel;E;2008-07-06;1988-07-05;alejandro0@adventure-works.com;668-555-0130;S;M;Production
34;11;Garrett;Young;R;2008-07-07;1984-03-25;garrett0@adventure-works.com;609-555-0179;S;M;Production
35;11;Jian Shuo;Wang;NULL;2008-07-07;1983-02-24;jianshuo0@adventure-works.com;952-555-0178;S;M;Production
36;11;Susan;Eaton;W;2008-07-07;1977-09-17;susan0@adventure-works.com;943-555-0196;S;F;Shipping and Receiving
37;11;Vamsi;Kuppa;N;2008-07-07;1976-10-16;vamsi0@adventure-works.com;937-555-0137;M;M;Shipping and Receiving
38;11;Alice;Ciccu;O;2008-07-07;1977-08-26;alice0@adventure-works.com;333-555-0173;M;F;Production
39;11;Simon;Rapier;D;2008-07-08;1989-12-15;simon0@adventure-works.com;963-555-0134;S;M;Production
40;11;Jinghao;Liu;K;2008-07-08;1988-09-05;jinghao0@adventure-works.com;794-555-0159;S;M;Production
41;11;Michael;Hines;T;2008-07-09;1989-12-15;michael0@adventure-works.com;218-555-0126;S;M;Production
42;11;Yvonne;McKay;S;2008-07-09;1988-11-13;yvonne0@adventure-works.com;286-555-0189;M;F;Production
43;11;Peng;Wu;J;2008-07-09;1975-10-17;peng0@adventure-works.com;164-555-0164;M;M;Quality Assurance
44;11;Jean;Trenary;E;2008-07-11;1975-07-13;jean0@adventure-works.com;685-555-0120;S;F;Information Services
45;11;Russell;Hunter;NULL;2008-07-12;1972-06-25;russell0@adventure-works.com;786-555-0144;M;M;Production
46;11;A. Scott;Wright;NULL;2008-07-12;1968-04-17;ascott0@adventure-works.com;992-555-0194;S;M;Production Control
47;11;Fred;Northup;T;2008-07-12;1989-01-23;fred0@adventure-works.com;818-555-0192;S;M;Production
48;11;Sariya;Harnpadoungsataya;E;2008-07-12;1986-12-19;sariya0@adventure-works.com;399-555-0176;S;M;Marketing
49;11;Willis;Johnson;T;2008-07-13;1978-02-15;willis0@adventure-works.com;778-555-0141;S;M;Human Resources
50;11;Jun;Cao;T;2008-07-14;1979-02-03;jun0@adventure-works.com;299-555-0113;S;M;Production
51;11;Christian;Kleinerman;E;2008-07-14;1975-08-18;christian0@adventure-works.com;846-555-0157;M;M;Facilities and Maintenance
52;11;Susan;Metters;A;2008-07-14;1982-10-31;susan1@adventure-works.com;639-555-0164;S;F;Production
53;11;Reuben;D'sa;H;2008-07-15;1987-03-27;reuben0@adventure-works.com;191-555-0112;M;M;Production
54;11;Kirk;Koenigsbauer;J;2008-07-15;1984-09-06;kirk0@adventure-works.com;669-555-0150;S;M;Production
55;11;David;Ortiz;J;2008-07-15;1984-07-29;david2@adventure-works.com;712-555-0119;M;M;Production
56;11;Tengiz;Kharatishvili;N;2008-07-16;1989-11-26;tengiz0@adventure-works.com;910-555-0116;S;M;Document Control
57;11;Hanying;Feng;P;2008-07-16;1974-05-16;hanying0@adventure-works.com;319-555-0139;S;M;Production
58;11;Kevin;Liu;H;2008-07-17;1985-07-25;kevin1@adventure-works.com;714-555-0138;S;M;Production
59;11;Annik;Stahl;O;2008-07-17;1976-07-26;annik0@adventure-works.com;499-555-0125;M;M;Production
60;11;Suroor;Fatima;R;2008-07-17;1977-09-25;suroor0@adventure-works.com;932-555-0161;S;M;Production
61;11;Deborah;Poe;E;2008-07-18;1975-10-05;deborah0@adventure-works.com;602-555-0194;M;F;Finance
62;11;Jim;Scardelis;H;2008-07-19;1986-04-08;jim0@adventure-works.com;679-555-0113;M;M;Production
63;11;Carole;Poland;M;2008-07-19;1983-05-19;carole0@adventure-works.com;688-555-0192;M;F;Production
64;11;George;Li;Z;2008-07-21;1976-11-14;george0@adventure-works.com;518-555-0199;M;M;Production
65;11;Gary;Yukish;W;2008-07-22;1987-12-15;gary0@adventure-works.com;901-555-0125;S;M;Production
66;11;Cristian;Petculescu;K;2008-07-22;1983-11-10;cristian0@adventure-works.com;434-555-0133;M;M;Production
67;11;Raymond;Sam;K;2008-07-23;1966-09-30;raymond0@adventure-works.com;226-555-0197;M;M;Production
68;11;Janaina;Bueno;Barreiro Gambaro;2008-07-23;1984-08-30;janaina0@adventure-works.com;623-555-0155;M;F;Information Services
69;11;Bob;Hohman;N;2008-07-24;1979-03-16;bob0@adventure-works.com;611-555-0116;S;M;Production
70;11;Shammi;Mohamed;G;2008-07-24;1980-05-04;shammi0@adventure-works.com;793-555-0179;M;M;Production
71;11;Linda;Moschell;K;2008-07-25;1987-02-14;linda0@adventure-works.com;612-555-0171;M;F;Production
72;11;Mindy;Martin;C;2008-07-25;1984-06-20;mindy0@adventure-works.com;522-555-0147;M;F;Human Resources
73;11;Wendy;Kahn;Beth;2008-07-25;1984-05-11;wendy0@adventure-works.com;248-555-0134;S;F;Finance
74;11;Kim;Ralls;T;2008-07-26;1983-11-29;kim0@adventure-works.com;309-555-0129;S;F;Shipping and Receiving
75;11;Sandra;Reátegui Alayo;NULL;2008-07-26;1975-06-05;sandra0@adventure-works.com;896-555-0168;M;F;Production
76;11;Kok-Ho;Loh;T;2008-07-27;1979-11-27;kok-ho0@adventure-works.com;999-555-0155;S;M;Production
77;11;Douglas;Hite;B;2008-07-27;1985-06-24;douglas0@adventure-works.com;808-555-0172;M;M;Production
78;11;James;Kramer;D;2008-07-27;1984-02-23;james0@adventure-works.com;119-555-0117;M;M;Production
79;11;Sean;Alexander;P;2008-07-28;1975-10-05;sean0@adventure-works.com;420-555-0173;S;M;Quality Assurance
80;11;Nitin;Mirchandani;S;2008-07-28;1986-07-01;nitin0@adventure-works.com;143-555-0173;S;M;Production
81;11;Diane;Margheim;L;2008-07-29;1986-01-03;diane1@adventure-works.com;815-555-0138;S;F;Research and Development
82;11;Rebecca;Laszlo;A;2008-07-29;1988-02-04;rebecca0@adventure-works.com;314-555-0113;M;F;Production
83;11;Rajesh;Patel;M;2008-07-31;1977-05-04;rajesh0@adventure-works.com;373-555-0137;M;M;Production
84;11;Vidur;Luthra;X;2008-08-01;1984-03-01;vidur0@adventure-works.com;153-555-0186;S;M;Human Resources
85;11;John;Evans;P;2008-08-01;1977-12-29;john1@adventure-works.com;172-555-0130;S;M;Production
86;11;Nancy;Anderson;A;2008-08-02;1988-06-19;nancy0@adventure-works.com;970-555-0118;M;F;Production
87;11;Pilar;Ackerman;G;2008-08-02;1972-04-09;pilar0@adventure-works.com;577-555-0185;S;M;Shipping and Receiving
88;11;David;Yalovsky;A;2008-08-02;1981-03-03;david3@adventure-works.com;373-555-0142;S;M;Production
89;11;David;Hamilton;P;2008-08-03;1983-01-30;david4@adventure-works.com;986-555-0177;S;M;Production
90;11;Laura;Steele;C;2008-08-03;1980-07-25;laura0@adventure-works.com;777-555-0141;S;F;Production
91;11;Margie;Shoop;W;2008-08-04;1985-12-18;margie0@adventure-works.com;818-555-0128;M;F;Production
92;11;Zainal;Arifin;T;2008-08-04;1975-08-30;zainal0@adventure-works.com;204-555-0115;M;M;Document Control
93;11;Lorraine;Nay;O;2008-08-04;1988-06-26;lorraine0@adventure-works.com;845-555-0184;M;F;Production
94;11;Fadi;Fakhouri;K;2008-08-04;1988-09-15;fadi0@adventure-works.com;935-555-0116;S;M;Production
95;11;Ryan;Cornelsen;L;2008-08-05;1972-01-12;ryan0@adventure-works.com;208-555-0114;M;M;Production
96;11;Candy;Spoon;L;2008-08-06;1975-09-23;candy0@adventure-works.com;920-555-0177;S;F;Finance
97;11;Nuan;Yu;NULL;2008-08-06;1978-10-27;nuan0@adventure-works.com;913-555-0184;S;M;Production
98;11;William;Vong;S;2008-08-07;1981-06-06;william0@adventure-works.com;148-555-0145;M;M;Production Control
99;11;William;Vong;S;2008-08-07;1981-06-06;william0@adventure-works.com;148-555-0145;M;M;Production Control
100;11;Bjorn;Rettig;M;2008-08-07;1989-06-06;bjorn0@adventure-works.com;199-555-0117;S;M;Production
101;11;Scott;Gode;R;2008-08-08;1986-09-10;scott0@adventure-works.com;391-555-0138;M;M;Production
102;11;Michael;Rothkugel;L;2008-08-10;1990-08-04;michael1@adventure-works.com;454-555-0119;S;M;Production
103;11;Lane;Sacksteder;M;2008-08-11;1974-04-23;lane0@adventure-works.com;200-555-0117;M;M;Production
104;11;Pete;Male;C;2008-08-11;1976-09-03;pete0@adventure-works.com;768-555-0123;S;M;Production
105;11;Dan;Bacon;K;2008-08-11;1981-01-24;dan0@adventure-works.com;166-555-0159;M;M;Information Services
106;11;David;Barber;M;2008-08-12;1964-01-20;david5@adventure-works.com;477-555-0132;S;M;Finance
107;11;Lolan;Song;B;2008-08-12;1972-08-24;lolan0@adventure-works.com;582-555-0178;M;M;Production
108;11;Paula;Nartker;R;2008-08-12;1986-09-10;paula1@adventure-works.com;476-555-0119;M;F;Production
109;11;Mary;Gibson;E;2008-08-12;1962-04-13;mary0@adventure-works.com;531-555-0183;M;F;Marketing
110;11;Mindaugas;Krapauskas;J;2008-08-13;1977-12-05;mindaugas0@adventure-works.com;637-555-0120;M;M;Production
111;11;Eric;Gubbels;NULL;2008-08-14;1984-08-19;eric0@adventure-works.com;260-555-0119;M;M;Production
112;11;Ken;Sánchez;J;2008-08-14;1968-08-29;ken0@adventure-works.com;697-555-0142;S;M;Executive
113;11;Jason;Watters;M;2008-08-14;1988-07-07;jason0@adventure-works.com;571-555-0179;S;M;Production
114;11;Mark;Harrington;L;2008-08-15;1985-11-28;mark0@adventure-works.com;147-555-0179;S;M;Quality Assurance
115;11;Janeth;Esteves;M;2008-08-15;1972-02-22;janeth0@adventure-works.com;540-555-0191;S;F;Production
116;11;Marc;Ingle;J;2008-08-16;1986-05-24;marc0@adventure-works.com;234-555-0169;M;M;Production
117;11;Gigi;Matthew;N;2008-08-16;1978-08-21;gigi0@adventure-works.com;185-555-0186;M;F;Research and Development
118;11;Paul;Singh;R;2008-08-17;1990-06-04;paul1@adventure-works.com;727-555-0112;M;M;Production
119;11;Frank;Lee;T;2008-08-17;1987-04-06;frank0@adventure-works.com;158-555-0191;M;M;Production
120;11;François;Ajenstat;P;2008-08-17;1980-06-13;françois0@adventure-works.com;785-555-0110;S;M;Information Services
121;11;Diane;Tibbott;H;2008-08-18;1989-03-09;diane2@adventure-works.com;361-555-0180;S;F;Production
122;11;Jill;Williams;A;2008-08-18;1979-01-16;jill0@adventure-works.com;510-555-0121;M;F;Marketing
123;11;Angela;Barbariol;W;2008-08-20;1990-12-29;angela0@adventure-works.com;150-555-0194;S;F;Production
124;11;Matthias;Berndt;T;2008-08-20;1973-06-11;matthias0@adventure-works.com;139-555-0120;M;M;Shipping and Receiving
125;11;Bryan;Baker;NULL;2008-08-21;1973-03-27;bryan0@adventure-works.com;712-555-0113;S;M;Production
126;11;Jeff;Hay;V;2008-08-21;1976-08-15;jeff0@adventure-works.com;350-555-0167;M;M;Production
127;11;Eugene;Zabokritski;R;2008-08-21;1987-02-12;eugene0@adventure-works.com;241-555-0191;S;M;Production
128;11;Barbara;Decker;S;2008-08-22;1984-07-29;barbara0@adventure-works.com;119-555-0192;M;F;Production
129;11;Chris;Preston;T;2008-08-22;1988-07-16;chris0@adventure-works.com;200-555-0112;M;M;Production
130;11;Sean;Chai;N;2008-08-22;1986-10-10;sean1@adventure-works.com;205-555-0132;S;M;Document Control
131;11;Dan;Wilson;B;2008-08-22;1975-08-06;dan1@adventure-works.com;653-555-0144;M;M;Information Services
132;11;Mark;McArthur;K;2008-08-23;1979-04-25;mark1@adventure-works.com;417-555-0154;S;M;Production
133;11;Bryan;Walton;A;2008-08-24;1984-04-20;bryan1@adventure-works.com;935-555-0199;S;M;Finance
134;11;Houman;Pournasseh;N;2008-08-25;1971-03-30;houman0@adventure-works.com;180-555-0136;M;M;Production
135;11;Sairaj;Uddin;L;2008-08-26;1987-07-22;sairaj0@adventure-works.com;500-555-0159;M;M;Production Control
136;11;Michiko;Osada;F;2008-08-26;1982-01-25;michiko0@adventure-works.com;984-555-0148;S;M;Production
137;11;Benjamin;Martin;R;2008-08-27;1985-08-05;benjamin0@adventure-works.com;533-555-0111;S;M;Production
138;11;Cynthia;Randall;S;2008-08-27;1981-03-18;cynthia0@adventure-works.com;352-555-0138;S;F;Production
139;11;Kathie;Flood;E;2008-08-27;1990-06-01;kathie0@adventure-works.com;446-555-0118;M;F;Production
140;11;Britta;Simon;L;2008-08-29;1989-04-28;britta0@adventure-works.com;955-555-0169;M;F;Production
141;11;Brian;Lloyd;T;2008-08-29;1976-09-10;brian0@adventure-works.com;110-555-0182;S;M;Production
142;11;David;Liu;J;2008-08-30;1983-02-05;david6@adventure-works.com;646-555-0185;M;M;Finance
143;11;Laura;Norman;F;2008-08-31;1975-08-06;laura1@adventure-works.com;615-555-0110;M;F;Executive
144;11;Laura;Norman;F;2008-08-31;1975-08-06;laura1@adventure-works.com;615-555-0110;M;F;Executive
145;11;Michael;Patten;W;2008-08-31;1973-12-01;michael2@adventure-works.com;441-555-0195;S;M;Production
146;11;Andy;Ruth;M;2008-08-31;1983-05-20;andy0@adventure-works.com;118-555-0110;M;M;Production
147;11;Yuhong;Li;L;2008-09-01;1976-11-04;yuhong0@adventure-works.com;965-555-0155;M;M;Production
148;11;Robert;Rounthwaite;J;2008-09-02;1984-09-28;robert0@adventure-works.com;589-555-0147;S;M;Production
149;11;Andreas;Berglund;T;2008-09-02;1988-10-26;andreas0@adventure-works.com;181-555-0124;M;M;Quality Assurance
150;11;Reed;Koch;T;2008-09-02;1988-08-08;reed0@adventure-works.com;678-555-0110;M;M;Production
151;11;Linda;Randall;A;2008-09-03;1977-05-05;linda1@adventure-works.com;696-555-0157;S;F;Production
152;11;James;Hamilton;R;2008-09-03;1988-02-04;james1@adventure-works.com;870-555-0122;S;M;Production
153;11;Ramesh;Meyyappan;V;2008-09-03;1987-10-12;ramesh0@adventure-works.com;182-555-0134;S;M;Information Services
154;11;Stephanie;Conroy;A;2008-09-04;1983-10-24;stephanie0@adventure-works.com;594-555-0110;S;F;Information Services
155;11;Samantha;Smith;H;2008-09-04;1987-06-22;samantha0@adventure-works.com;587-555-0114;M;F;Production
156;11;Tawana;Nusbaum;G;2008-09-05;1989-06-10;tawana0@adventure-works.com;368-555-0113;S;M;Production
157;11;Denise;Smith;H;2008-09-05;1988-02-04;denise0@adventure-works.com;869-555-0119;M;F;Production
158;11;Hao;Chen;O;2008-09-06;1976-11-15;hao0@adventure-works.com;806-555-0136;S;M;Human Resources
159;11;Alex;Nayberg;M;2008-09-08;1989-11-11;alex0@adventure-works.com;819-555-0198;M;M;Production
160;11;Eugene;Kogan;O;2008-09-08;1975-09-10;eugene1@adventure-works.com;173-555-0179;S;M;Production
161;11;Brandon;Heidepriem;G;2008-09-08;1976-08-10;brandon0@adventure-works.com;429-555-0137;M;M;Production
162;11;Dylan;Miller;A;2008-09-08;1986-09-24;dylan0@adventure-works.com;181-555-0156;M;M;Research and Development
163;11;Shane;Kim;S;2008-09-08;1989-12-22;shane0@adventure-works.com;810-555-0178;S;M;Production
164;11;John;Chen;Y;2008-09-09;1985-11-03;john2@adventure-works.com;201-555-0163;M;M;Production
165;11;Karen;Berge;R;2008-09-09;1975-07-25;karen0@adventure-works.com;746-555-0164;M;F;Document Control
166;11;Jose;Lugo;R;2008-09-10;1984-02-29;jose0@adventure-works.com;587-555-0115;M;M;Production
167;11;Mandar;Samant;H;2008-09-10;1985-10-19;mandar0@adventure-works.com;140-555-0132;S;M;Production
168;11;Mikael;Sandberg;Q;2008-09-10;1984-03-17;mikael0@adventure-works.com;309-555-0170;S;M;Purchasing
169;11;Sameer;Tejani;A;2008-09-11;1978-01-24;sameer0@adventure-works.com;990-555-0172;M;M;Production
170;11;Dragan;Tomic;K;2008-09-11;1976-09-14;dragan0@adventure-works.com;117-555-0185;M;M;Finance
171;11;Carol;Philips;M;2008-09-12;1988-05-17;carol0@adventure-works.com;609-555-0153;M;F;Production
172;11;Rob;Caron;T;2008-09-13;1973-03-04;rob1@adventure-works.com;238-555-0116;S;M;Production
173;11;Don;Hall;L;2008-09-13;1971-01-11;don0@adventure-works.com;100-555-0174;M;M;Production
174;11;Alan;Brewer;J;2008-09-13;1983-10-28;alan0@adventure-works.com;438-555-0172;M;M;Production Control
175;11;David;Lawrence;Oliver;2008-09-14;1985-04-23;david7@adventure-works.com;118-555-0177;M;M;Production
176;11;Baris;Cetinok;F;2008-09-15;1990-05-07;baris0@adventure-works.com;164-555-0114;S;M;Production
177;11;Michael;Ray;Sean;2008-09-15;1988-08-29;michael3@adventure-works.com;156-555-0199;S;M;Production
178;11;Steve;Masters;F;2008-09-15;1990-11-04;steve0@adventure-works.com;712-555-0170;S;M;Production
179;11;Suchitra;Mohan;O;2008-09-16;1987-01-08;suchitra0@adventure-works.com;753-555-0129;M;F;Production
180;11;Karen;Berg;A;2008-09-16;1977-12-17;karen1@adventure-works.com;654-555-0177;S;F;Information Services
181;11;Terrence;Earls;W;2008-09-16;1984-07-08;terrence0@adventure-works.com;110-555-0115;S;M;Production
182;11;Barbara;Moreland;C;2008-09-18;1975-08-04;barbara1@adventure-works.com;822-555-0145;M;F;Finance
183;11;Chad;Niswonger;W;2008-09-18;1990-03-04;chad0@adventure-works.com;559-555-0175;M;M;Production
184;11;Rostislav;Shabalin;E;2008-09-19;1977-04-13;rostislav0@adventure-works.com;751-555-0134;M;M;Production
185;11;Belinda;Newman;M;2008-09-20;1974-10-15;belinda0@adventure-works.com;319-555-0126;S;F;Production
186;11;Katie;McAskill-White;L;2008-09-20;1984-06-18;katie0@adventure-works.com;809-555-0133;S;F;Production
187;11;Russell;King;M;2008-09-21;1981-09-11;russell1@adventure-works.com;517-555-0122;M;M;Production
188;11;Jack;Richins;S;2008-09-21;1983-01-20;jack0@adventure-works.com;552-555-0111;S;M;Production
189;11;Andrew;Hill;R;2008-09-22;1988-04-06;andrew0@adventure-works.com;908-555-0159;S;M;Production
190;11;Nicole;Holliday;B;2008-09-22;1985-11-07;nicole0@adventure-works.com;508-555-0129;M;F;Production
191;11;Frank;Miller;T;2008-09-23;1971-02-21;frank1@adventure-works.com;167-555-0139;S;M;Production
192;11;Peter;Connelly;I;2008-09-23;1979-12-27;peter1@adventure-works.com;310-555-0133;S;M;Information Services
193;11;Anibal;Sousa;T;2008-09-23;1974-04-05;anibal0@adventure-works.com;106-555-0120;S;F;Production
194;11;Ken;Myer;L;2008-09-24;1980-12-26;ken1@adventure-works.com;949-555-0174;M;M;Production
195;11;Grant;Culbertson;N;2008-09-25;1975-11-15;grant0@adventure-works.com;955-555-0131;S;M;Human Resources
196;11;Michael;Entin;T;2008-09-25;1989-01-13;michael4@adventure-works.com;817-555-0186;S;M;Production
197;11;Lionel;Penuchot;C;2008-09-26;1987-10-13;lionel0@adventure-works.com;450-555-0152;S;M;Production
198;11;Thomas;Michaels;R;2008-09-26;1985-08-10;thomas0@adventure-works.com;278-555-0118;M;M;Production
199;11;Jimmy;Bischoff;T;2008-09-26;1990-06-01;jimmy0@adventure-works.com;927-555-0168;M;M;Shipping and Receiving
200;11;Michael;Vanderhyde;T;2008-09-26;1982-04-18;michael5@adventure-works.com;296-555-0121;M;M;Production
201;11;Lori;Kane;A;2008-09-26;1980-02-16;lori0@adventure-works.com;289-555-0196;S;F;Production
202;11;Arvind;Rao;B;2008-09-28;1974-03-21;arvind0@adventure-works.com;848-555-0163;M;M;Purchasing
203;11;Stefen;Hesse;A;2008-09-28;1975-07-21;stefen0@adventure-works.com;165-555-0113;S;M;Production
204;11;Hazem;Abolrous;E;2008-09-28;1977-05-26;hazem0@adventure-works.com;869-555-0125;S;M;Quality Assurance
205;11;Janet;Sheperdigian;L;2008-09-29;1978-10-07;janet0@adventure-works.com;393-555-0186;M;F;Finance
206;11;Elizabeth;Keyser;I;2008-09-30;1989-08-25;elizabeth0@adventure-works.com;318-555-0137;M;F;Production
207;11;Terry;Eminhizer;J;2008-09-30;1985-09-04;terry0@adventure-works.com;138-555-0118;M;M;Marketing
208;11;John;Frum;N;2008-10-01;1981-10-22;john3@adventure-works.com;663-555-0172;S;M;Production
209;11;Merav;Netz;A;2008-10-01;1982-12-11;merav0@adventure-works.com;224-555-0187;M;F;Production
210;11;Brian;LaMee;P;2008-10-01;1984-03-11;brian1@adventure-works.com;313-555-0196;M;M;Production Control
211;11;Kitti;Lertpiriyasuwat;H;2008-10-02;1987-01-04;kitti0@adventure-works.com;785-555-0132;S;F;Production
212;11;Jay;Adams;G;2008-10-03;1975-09-11;jay0@adventure-works.com;407-555-0165;S;M;Production
213;11;Jan;Miksovsky;S;2008-10-03;1974-06-15;jan0@adventure-works.com;139-555-0131;S;M;Production
214;11;Brenda;Diaz;M;2008-10-03;1982-09-28;brenda0@adventure-works.com;142-555-0139;M;F;Production
215;11;Andrew;Cencini;M;2008-10-04;1988-04-24;andrew1@adventure-works.com;207-555-0192;S;M;Production
216;11;Chris;Norred;K;2008-10-04;1986-12-24;chris1@adventure-works.com;575-555-0126;M;M;Document Control
217;11;Chris;Okelberry;O;2008-10-05;1986-03-07;chris2@adventure-works.com;315-555-0144;S;M;Production
218;11;Shelley;Dyck;N;2008-10-05;1986-07-08;shelley0@adventure-works.com;991-555-0184;S;F;Production
219;11;Gabe;Mares;B;2008-10-06;1987-12-09;gabe0@adventure-works.com;310-555-0117;M;M;Production
220;11;Mike;Seamans;K;2008-10-06;1979-01-29;mike0@adventure-works.com;927-555-0150;S;M;Finance
221;11;Michael;Raheem;NULL;2008-12-01;1984-06-30;michael6@adventure-works.com;330-555-2568;M;M;Research and Development
222;11;Gary;Altman;E.;2009-07-02;1970-09-18;gary1@adventure-works.com;110-555-0112;M;M;Facilities and Maintenance
223;11;Charles;Fitzgerald;B;2009-07-03;1971-04-02;charles0@adventure-works.com;931-555-0118;S;M;Production
224;11;Ebru;Ersan;N;2009-07-06;1986-04-22;ebru0@adventure-works.com;202-555-0187;S;M;Production
225;11;Sylvester;Valdez;A;2009-07-11;1970-06-12;sylvester0@adventure-works.com;492-555-0174;M;M;Production
226;11;Brian;Goldstein;Richard;2009-07-11;1970-07-23;brian2@adventure-works.com;730-555-0117;S;M;Production
227;11;Linda;Meisner;P;2009-07-17;1970-06-30;linda2@adventure-works.com;916-555-0165;M;F;Purchasing
228;11;Betsy;Stadick;A;2009-07-18;1942-07-17;betsy0@adventure-works.com;405-555-0171;S;F;Production
229;11;Magnus;Hedlund;E;2009-07-21;1971-03-27;magnus0@adventure-works.com;583-555-0182;M;M;Facilities and Maintenance
230;11;Karan;Khanna;R;2009-07-22;1969-10-05;karan0@adventure-works.com;447-555-0186;S;M;Production
231;11;Mary;Baker;R;2009-07-25;1986-04-19;mary1@adventure-works.com;283-555-0185;M;F;Production
232;11;Kevin;Homer;M;2009-07-25;1986-04-19;kevin2@adventure-works.com;555-555-0113;S;M;Production
233;11;Mihail;Frintu;U;2009-07-29;1970-10-07;mihail0@adventure-works.com;733-555-0128;S;M;Production
234;11;Bonnie;Kearney;N;2009-08-01;1986-04-10;bonnie0@adventure-works.com;264-555-0150;M;F;Production
235;11;Fukiko;Ogisu;J;2009-08-04;1970-06-24;fukiko0@adventure-works.com;520-555-0177;M;M;Purchasing
236;11;Hung-Fu;Ting;T;2009-08-06;1971-05-23;hung-fu0@adventure-works.com;497-555-0181;S;M;Production
237;11;Gordon;Hee;L;2009-08-11;1942-06-29;gordon0@adventure-works.com;230-555-0144;M;M;Purchasing
238;11;Kimberly;Zimmerman;B;2009-08-12;1986-04-13;kimberly0@adventure-works.com;123-555-0167;S;F;Production
239;11;Kim;Abercrombie;B;2009-08-16;1942-07-14;kim1@adventure-works.com;208-555-0114;M;F;Production
240;11;Sandeep;Kaliyath;P;2009-08-17;1970-07-03;sandeep0@adventure-works.com;166-555-0156;S;M;Production
241;11;Prasanna;Samarawickrama;E;2009-08-22;1952-11-28;prasanna0@adventure-works.com;129-555-0199;M;M;Production
242;11;Frank;Pellow;S;2009-08-23;1951-12-11;frank2@adventure-works.com;163-555-0147;M;M;Purchasing
243;11;Min;Su;G;2009-08-24;1974-04-10;min0@adventure-works.com;590-555-0152;M;M;Production
244;11;Eric;Brown;L;2009-08-24;1942-07-08;eric1@adventure-works.com;680-555-0118;M;M;Production
245;11;Eric;Kurjan;S;2009-08-27;1972-04-17;eric2@adventure-works.com;265-555-0195;S;M;Purchasing
246;11;Pat;Coleman;H;2009-08-27;1970-07-03;pat0@adventure-works.com;720-555-0158;S;M;Facilities and Maintenance
247;11;Maciej;Dusza;W;2009-08-29;1954-08-30;maciej0@adventure-works.com;237-555-0128;S;M;Production
248;11;Erin;Hagens;M;2009-08-31;1970-08-04;erin0@adventure-works.com;842-555-0158;S;F;Purchasing
249;11;Patrick;Wedge;C;2009-09-01;1986-04-10;patrick0@adventure-works.com;413-555-0124;S;M;Production
250;11;Frank;Martinez;R;2009-09-05;1951-10-01;frank3@adventure-works.com;203-555-0196;M;M;Production
251;11;Ed;Dudenhoefer;R;2009-09-05;1971-04-11;ed0@adventure-works.com;919-555-0140;S;M;Production
252;11;Christopher;Hill;E;2009-09-08;1986-05-01;christopher0@adventure-works.com;153-555-0166;M;M;Production
253;11;Patrick;Cook;M;2009-09-12;1973-07-23;patrick1@adventure-works.com;425-555-0117;M;M;Production
254;11;Krishna;Sunkammurali;NULL;2009-09-13;1971-04-05;krishna0@adventure-works.com;491-555-0183;S;M;Production
255;11;Lori;Penor;K;2009-09-16;1970-02-28;lori1@adventure-works.com;295-555-0161;M;F;Facilities and Maintenance
256;11;Danielle;Tiedt;C;2009-09-20;1986-04-07;danielle0@adventure-works.com;500-555-0172;S;F;Production
257;11;Sootha;Charncherngkha;T;2009-09-23;1942-07-05;sootha0@adventure-works.com;325-555-0137;M;M;Quality Assurance
258;11;Michael;Zwilling;J;2009-09-23;1973-04-05;michael7@adventure-works.com;582-555-0148;S;M;Production
259;11;Randy;Reeves;T;2009-09-23;1969-11-26;randy0@adventure-works.com;961-555-0122;M;M;Production
260;11;John;Kane;T;2009-09-27;1986-04-28;john4@adventure-works.com;254-555-0114;S;M;Production
261;11;Jack;Creasey;T;2009-10-01;1973-03-29;jack1@adventure-works.com;521-555-0113;S;M;Production
262;11;Olinda;Turner;C;2009-10-02;1969-11-02;olinda0@adventure-works.com;306-555-0186;S;F;Production
263;11;Stuart;Macrae;J;2009-10-03;1971-07-17;stuart1@adventure-works.com;539-555-0149;M;M;Facilities and Maintenance
264;11;Jo;Berry;L;2009-10-05;1953-11-22;jo1@adventure-works.com;228-555-0159;M;F;Facilities and Maintenance
265;11;Ben;Miller;T;2009-10-07;1973-01-01;ben0@adventure-works.com;151-555-0113;M;M;Purchasing
266;11;Tom;Vande Velde;M;2009-10-08;1986-05-01;tom0@adventure-works.com;295-555-0161;M;M;Production
267;11;Ovidiu;Cracium;V;2010-07-05;1977-08-17;ovidiu0@adventure-works.com;719-555-0181;S;M;Tool Design
268;11;Annette;Hill;L;2010-07-06;1977-08-29;annette0@adventure-works.com;125-555-0196;M;F;Purchasing
269;11;Janice;Galvin;M;2010-07-23;1988-12-26;janice0@adventure-works.com;473-555-0117;M;F;Tool Design
270;11;Reinout;Hillmann;N;2010-07-25;1977-08-17;reinout0@adventure-works.com;370-555-0163;M;M;Purchasing
271;11;Michael;Sullivan;I;2010-07-30;1979-01-14;michael8@adventure-works.com;465-555-0156;S;M;Engineering
272;11;Stephen;Jiang;Y;2010-08-04;1951-05-17;stephen0@adventure-works.com;238-555-0197;M;M;Sales
273;11;Wanida;Benshoof;M;2010-08-07;1974-10-15;wanida0@adventure-works.com;708-555-0141;M;F;Marketing
274;11;Sharon;Salavaria;B;2010-08-18;1960-11-30;sharon0@adventure-works.com;970-555-0138;M;F;Engineering
275;11;John;Wood;L;2010-09-07;1977-10-04;john5@adventure-works.com;486-555-0150;S;M;Marketing
276;11;Mary;Dempsey;A;2010-09-14;1977-08-29;mary2@adventure-works.com;124-555-0114;S;F;Marketing
277;11;Brian;Welcker;S;2010-09-15;1977-01-04;brian3@adventure-works.com;716-555-0127;S;M;Sales
278;11;Sheela;Word;H;2010-09-25;1977-09-10;sheela0@adventure-works.com;210-555-0193;S;F;Purchasing
279;11;Sheela;Word;H;2010-09-25;1977-09-10;sheela0@adventure-works.com;210-555-0193;S;F;Purchasing
280;11;Sheela;Word;H;2010-09-25;1977-09-10;sheela0@adventure-works.com;210-555-0193;S;F;Purchasing
281;2;Michael;Blythe;G;2010-12-29;1968-07-25;michael9@adventure-works.com;257-555-0154;S;M;Sales
282;4;Linda;Mitchell;C;2010-12-29;1979-09-27;linda3@adventure-works.com;883-555-0116;M;F;Sales
283;3;Jillian;Carson;NULL;2010-12-29;1962-03-29;jillian0@adventure-works.com;517-555-0117;S;F;Sales
284;6;Garrett;Vargas;R;2010-12-29;1974-09-04;garrett1@adventure-works.com;922-555-0165;M;M;Sales
285;5;Tsvi;Reiter;Michael;2010-12-29;1973-08-18;tsvi0@adventure-works.com;664-555-0112;M;M;Sales
286;1;Pamela;Ansman-Wolfe;O;2010-12-29;1974-07-06;pamela0@adventure-works.com;340-555-0193;S;F;Sales
287;4;Shu;Ito;K;2010-12-29;1943-10-08;shu0@adventure-works.com;330-555-0120;M;M;Sales
288;6;José;Saraiva;Edvaldo;2010-12-29;1939-07-11;josé1@adventure-works.com;185-555-0169;M;M;Sales
289;1;David;Campbell;R;2010-12-29;1973-09-11;david8@adventure-works.com;740-555-0182;S;M;Sales
290;11;Amy;Alberts;E;2011-11-15;1957-04-20;amy0@adventure-works.com;775-555-0164;M;F;Sales
291;10;Jae;Pak;B;2011-12-29;1967-10-16;jae0@adventure-works.com;1 (11) 500 555-0145;M;F;Sales
292;7;Ranjit;Varkey Chudukatil;R;2011-12-29;1975-04-30;ranjit0@adventure-works.com;1 (11) 500 555-0117;S;M;Sales
293;1;Tete;Mensa-Annan;A;2012-04-30;1977-08-05;tete0@adventure-works.com;615-555-0153;M;M;Sales
294;11;Syed;Abbas;E;2012-10-12;1974-08-11;syed0@adventure-works.com;926-555-0182;M;M;Sales
295;8;Rachel;Valdez;B;2012-12-28;1975-02-06;rachel0@adventure-works.com;1 (11) 500 555-0140;S;F;Sales
296;9;Lynn;Tsoflias;N;2012-12-28;1970-10-16;lynn0@adventure-works.com;1 (11) 500 555-0190;S;F;Sales
